Metric,Accuracy,Samples
CV-Bench Accuracy,0.4846760443307758,100
2D Accuracy,0.45268542199488493,40
3D Accuracy,0.5166666666666667,60
ADE20K Accuracy,0.43478260869565216,23
COCO Accuracy,0.47058823529411764,17
Omni3D Accuracy,0.5166666666666667,60
Object Count,0.35,20
Spatial Relationship,0.55,20
Depth Order,0.4666666666666667,30
Relative Distance,0.5666666666666667,30
