Metric,Accuracy,Samples
CV-Bench Accuracy,0.4418584825234442,100
2D Accuracy,0.350383631713555,40
3D Accuracy,0.5333333333333333,60
ADE20K Accuracy,0.34782608695652173,23
COCO Accuracy,0.35294117647058826,17
Omni3D Accuracy,0.5333333333333333,60
Object Count,0.35,20
Spatial Relationship,0.35,20
Depth Order,0.4666666666666667,30
Relative Distance,0.6,30
