Metric,Accuracy,Samples
CV-Bench Accuracy,0.5488064791133844,100
2D Accuracy,0.43094629156010233,40
3D Accuracy,0.6666666666666666,60
ADE20K Accuracy,0.391304347826087,23
COCO Accuracy,0.47058823529411764,17
Omni3D Accuracy,0.6666666666666666,60
Object Count,0.4,20
Spatial Relationship,0.45,20
Depth Order,0.6666666666666666,30
Relative Distance,0.6666666666666666,30
