Metric,Accuracy,Samples
CV-Bench Accuracy,0.5922847399829496,100
2D Accuracy,0.5179028132992327,40
3D Accuracy,0.6666666666666666,60
ADE20K Accuracy,0.5652173913043478,23
COCO Accuracy,0.47058823529411764,17
Omni3D Accuracy,0.6666666666666666,60
Object Count,0.45,20
Spatial Relationship,0.6,20
Depth Order,0.5666666666666667,30
Relative Distance,0.7666666666666667,30
