Metric,Accuracy,Samples
CV-Bench Accuracy,0.39641943734015345,100
2D Accuracy,0.2928388746803069,40
3D Accuracy,0.5,60
ADE20K Accuracy,0.17391304347826086,23
COCO Accuracy,0.4117647058823529,17
Omni3D Accuracy,0.5,60
Object Count,0.1,20
Spatial Relationship,0.45,20
Depth Order,0.4666666666666667,30
Relative Distance,0.5333333333333333,30
