Metric,Accuracy,Samples
CV-Bench Accuracy,0.2959292412617221,100
2D Accuracy,0.1751918158567775,40
3D Accuracy,0.4166666666666667,60
ADE20K Accuracy,0.17391304347826086,23
COCO Accuracy,0.17647058823529413,17
Omni3D Accuracy,0.4166666666666667,60
Object Count,0.1,20
Spatial Relationship,0.25,20
Depth Order,0.4,30
Relative Distance,0.43333333333333335,30
