Metric,Accuracy,Samples
CV-Bench Accuracy,0.376001705029838,100
2D Accuracy,0.2186700767263427,40
3D Accuracy,0.5333333333333333,60
ADE20K Accuracy,0.2608695652173913,23
COCO Accuracy,0.17647058823529413,17
Omni3D Accuracy,0.5333333333333333,60
Object Count,0.1,20
Spatial Relationship,0.35,20
Depth Order,0.5,30
Relative Distance,0.5666666666666667,30
