Metric,Accuracy,Samples
CV-Bench Accuracy,0.3804134697357204,100
2D Accuracy,0.2774936061381074,40
3D Accuracy,0.48333333333333334,60
ADE20K Accuracy,0.2608695652173913,23
COCO Accuracy,0.29411764705882354,17
Omni3D Accuracy,0.48333333333333334,60
Object Count,0.1,20
Spatial Relationship,0.45,20
Depth Order,0.43333333333333335,30
Relative Distance,0.5333333333333333,30
