Metric,Accuracy,Samples
CV-Bench Accuracy,0.4994671781756181,100
2D Accuracy,0.4156010230179028,40
3D Accuracy,0.5833333333333334,60
ADE20K Accuracy,0.4782608695652174,23
COCO Accuracy,0.35294117647058826,17
Omni3D Accuracy,0.5833333333333334,60
Object Count,0.35,20
Spatial Relationship,0.5,20
Depth Order,0.5333333333333333,30
Relative Distance,0.6333333333333333,30
