Metric,Accuracy,Samples
CV-Bench Accuracy,0.7034953111679454,100
2D Accuracy,0.7736572890025575,40
3D Accuracy,0.6333333333333333,60
ADE20K Accuracy,0.782608695652174,23
COCO Accuracy,0.7647058823529411,17
Omni3D Accuracy,0.6333333333333333,60
Object Count,0.8,20
Spatial Relationship,0.75,20
Depth Order,0.5666666666666667,30
Relative Distance,0.7,30
