Metric,Accuracy,Samples
CV-Bench Accuracy,0.5640238704177323,100
2D Accuracy,0.5613810741687979,40
3D Accuracy,0.5666666666666667,60
ADE20K Accuracy,0.6521739130434783,23
COCO Accuracy,0.47058823529411764,17
Omni3D Accuracy,0.5666666666666667,60
Object Count,0.45,20
Spatial Relationship,0.7,20
Depth Order,0.5666666666666667,30
Relative Distance,0.5666666666666667,30
