Metric,Accuracy,Samples
CV-Bench Accuracy,0.5205456095481671,100
2D Accuracy,0.4744245524296675,40
3D Accuracy,0.5666666666666667,60
ADE20K Accuracy,0.4782608695652174,23
COCO Accuracy,0.47058823529411764,17
Omni3D Accuracy,0.5666666666666667,60
Object Count,0.4,20
Spatial Relationship,0.55,20
Depth Order,0.5333333333333333,30
Relative Distance,0.6,30
