Metric,Accuracy,Samples
CV-Bench Accuracy,0.5743819266837169,100
2D Accuracy,0.4820971867007673,40
3D Accuracy,0.6666666666666666,60
ADE20K Accuracy,0.43478260869565216,23
COCO Accuracy,0.5294117647058824,17
Omni3D Accuracy,0.6666666666666666,60
Object Count,0.35,20
Spatial Relationship,0.6,20
Depth Order,0.6333333333333333,30
Relative Distance,0.7,30
